"title","post_date","result link"
"SEM III (R2019 C Scheme) All branches Time Table of Winter Examination 2021","2021-12-20T03:06:00.002000-08:00","https://drive.google.com/file/d/1iVkM3EkIQ7w7vNuQtH12TaAsqLZhSCP0/view?usp=sharing"
"Result (F.E. R-2016) Sem-II_Choice Base_May-2021 LOT-2","2021-11-27T02:32:00.003000-08:00","https://drive.google.com/file/d/14hXFa5BnweDSmSirWomLdgT5Rzw3gZaf/view?usp=sharing"
"Result (F.E. R-2016) Sem-II_Choice Base_May-2021 LOT-1","2021-11-27T02:31:00.002000-08:00","https://drive.google.com/file/d/10PqVqWNmFzUUqGtqiFzWlx10bir5w8Lj/view?usp=sharing"
"Result (F.E. R-2016) Sem-I_Choice Base_May-2021 LOT-1 ","2021-11-27T02:29:00.004000-08:00","https://drive.google.com/file/d/17-izHeLdX2Wp4JFFGBE58L8UoybYdmGZ/view?usp=sharing"
"Result BE (CIVIL Engg. R-2016)_Sem VIII_CBCS_June-2021","2021-11-27T02:03:00.005000-08:00","https://drive.google.com/file/d/1Y-rPyS0FgzvWTNgeGfe3lIn-yDlO2-Dl/view?usp=sharing"
"Result BE (ELECTRICAL Engg. R-2016)_Sem VIII_CBCS_June-2021","2021-08-03T22:43:00.003000-07:00","https://drive.google.com/file/d/1nPbMPDkxvFkqK4arEm94oLQ-Y0jNA55q/view?usp=sharing"
"Result BE (MECHANICAL Engg. R-2016)_Sem VIII_CBCS_June-2021","2021-08-03T22:42:00.001000-07:00","https://drive.google.com/file/d/1hN_SVsAeJGK0aPdl0HduU0FuEgOGiWll/view?usp=sharing"
"Result BE (COMPUTER Engg. R-2016)_Sem VIII_CBCS_June-2021","2021-08-03T22:40:00.003000-07:00","https://drive.google.com/file/d/18e0elgdRPbByyd2VUm5YSL8pnvQuzm26/view?usp=sharing"
"Result BE (Mechanical Engg. R-2016)_Sem VII_KT_CBCS_June-2021","2021-07-30T00:42:00-07:00","https://drive.google.com/file/d/1nTb664Yusgsy4XdKF1wB8OkTsPnWo3HA/view?usp=sharing"
"Result BE (EXTC Engg. R-2016)_Sem VIII_CBCS_June-2021","2021-07-30T00:39:00-07:00","https://drive.google.com/file/d/1XQ3T2qgtLI6tIxnkpsPkTTJlRQ-DNEu_/view?usp=sharing"
"Result BE (Computer Engg. R-2016)_Sem VII_KT_CBCS_June-2021","2021-07-30T00:37:00.003000-07:00","https://drive.google.com/file/d/1WJy3vJWsMpFCqAIO1GpKLaiZnv_HjjSV/view?usp=sharing"
"Result TE (CIVIL Engg. R-2016)_Sem V_KT_CBCS_June-2021","2021-07-30T00:26:00.003000-07:00","https://drive.google.com/file/d/1VBExEHubc8qOoFEpI20cafleqcs2bLC-/view?usp=sharing"
"Result TE (CIVIL Engg. R-2012 TO R-2016)_Sem VI_KT_CBCS_June-2021","2021-07-30T00:25:00.003000-07:00","https://drive.google.com/file/d/1wyeaEqEHe01uvLpkcJEVbXJgdoIcGghV/view?usp=sharing"
"Result TE (CIVIL Engg. R-2012 TO R-2016)_Sem V_KT_CBCS_June-2021","2021-07-30T00:23:00.004000-07:00","https://drive.google.com/file/d/17tvbKRjNzNJcdbNHC_81isNigUaytUNj/view?usp=sharing"
"Result SE (CIVIL Engg. R-2012 TO R-2016)_Sem-IV_KT_CBCS_June-2021","2021-07-30T00:21:00-07:00","https://drive.google.com/file/d/1Rea3suW_ouPogKS_J8ohdYEoMKZA-eFn/view?usp=sharing"
"Result SE (CIVIL Engg. R-2016)_Sem-III_KT_CBCS_June-2021","2021-07-30T00:18:00.003000-07:00","https://drive.google.com/file/d/1eWH93S_PllNWMAVTqMmXjB7Ax_KZaY0h/view?usp=sharing"
"Result SE (CIVIL Engg. R-2019)_Sem-III_KT_C scheme_CBCS_June-2021","2021-07-30T00:16:00.003000-07:00","https://drive.google.com/file/d/1RVUS8jcA3yHsblGlAEgGjtvV3-8H47Fo/view?usp=sharing"
"Result SE (Mechanical Engg. R-2019)_Sem-III_KT_C scheme_CBCS_June-2021","2021-07-28T03:39:00-07:00","https://drive.google.com/file/d/1W8Udp-zy8Li4FrrA78CU9vCXtwLC_hSZ/view?usp=sharing"
"Result TE (Mechanical Engg. R-2016)_Sem-V_KT_CBCS_June-2021","2021-07-28T01:06:00.001000-07:00","https://drive.google.com/file/d/1YY2DvCBpyrW8yNqrU1v1BFBRwW9tx-6p/view?usp=sharing"
"Result SE (Mechanical Engg. R2012 to R-2016)_Sem-IV_KT_CBSGS to CBCS_June-2021","2021-07-28T01:04:00.003000-07:00","https://drive.google.com/file/d/1ddXFmlvwKPRBZjBak4FOm6ZGUfpu-fNA/view?usp=sharing"
"Result SE (Mechanical Engg. R2012 to R-2016)_Sem-III_KT_CBSGS to CBCS_June-2021","2021-07-28T01:03:00.002000-07:00","https://drive.google.com/file/d/1Qk2sJ-CIm_O3dqsjwaHBgCDAejfDxC2A/view?usp=sharing"
"Result SE (Mechanical Engg. R-2016)_Sem-III_KT_CBCS_June-2021","2021-07-28T01:01:00.001000-07:00","https://drive.google.com/file/d/1b3JjCI5Rfagco7Tc7-Jdsp8unG6-12PC/view?usp=sharing"
"Result SE (Electrical Engg. R-2019)_Sem-III_KT_C scheme_CBCS_June-2021","2021-07-26T02:32:00.004000-07:00","https://drive.google.com/file/d/1ROscqjomgTlN077FrWTQS3Ps4WFPYJJE/view?usp=sharing"
"Result SE (Electrical Engg. R-2016)_Sem-III_KT_Choice based_June-2021","2021-07-26T02:31:00.004000-07:00","https://drive.google.com/file/d/1WxspjCJaz0Q6tzD6ulju3LLABnB05f0c/view?usp=sharing"
"Result TE (Electrical Engg. R-2016)_Sem-V_KT_Choice based_June-2021","2021-07-26T02:30:00.003000-07:00","https://drive.google.com/file/d/1lMCL6O-xm8PlrHn2qe8nzV_Y-KEIsexp/view?usp=sharing"
"Result SE (EXTC Engg. R-2019)_Sem-III_KT_C scheme_CBCS_June-2021","2021-07-26T02:27:00.002000-07:00","https://drive.google.com/file/d/1MH-j23lD2y2SZmWgPFpS4Mgwi7ggdZ9D/view?usp=sharing"
"Result TE (EXTC Engg. R-2016)_Sem-V_KT_Choice based_June-2021","2021-07-26T02:26:00.004000-07:00","https://drive.google.com/file/d/1t5h3Qe6Fr05PTXn0EcbU9BRP1BCeXOCJ/view?usp=sharing"
"Result SE (Computer Engg. R-2019)_Sem-III_KT_C scheme_CBCS_June-2021","2021-07-26T02:06:00.004000-07:00","https://drive.google.com/file/d/1moXgJFxKKxUC4JQXwblEkGU2V62MukBh/view?usp=sharing"
"Result SE (CIVIL Engg. R-2019)_Sem-IV_'C' Scheme_CBCS_June-2021","2021-07-17T02:57:00.002000-07:00","https://drive.google.com/file/d/1rb7uHSi63yB8jn-HBSms0slCq-ky_M6F/view?usp=sharing"
"Result TE (CIVIL Engg. R-2016)_Sem-VI_CBCS_June-2021","2021-07-17T02:56:00.003000-07:00","https://drive.google.com/file/d/1wZYC4ZwfKDbH0NyC2HpNd3R08nmNy5P_/view?usp=sharing"
"Result TE (ExTC Engg. R-2016)_Sem-VI_CBCS_June-2021","2021-07-17T02:55:00-07:00","https://drive.google.com/file/d/1JJuImj-3sUiiFiatzrYw90q14P2HgqqS/view?usp=sharing"
"Result SE (ExTC Engg. R-2019)_Sem-IV_'C' Scheme_CBCS_June-2021","2021-07-16T03:39:00-07:00","https://drive.google.com/file/d/1iyHzdyjrElsGIOeJlYMiHTDh1xZoiGt9/view?usp=sharing"
"Result SE (Electrical Engg. R-2019)_Sem-IV_'C' Scheme_CBCS_June-2021","2021-07-14T02:39:00.001000-07:00","https://drive.google.com/file/d/1aGx1aU50N5SWyvbUzjK33YkUJMk-_YoL/view?usp=sharing"
"Result TE (Electrical Engg. R-2016)_Sem-VI_CBCS_June-2021","2021-07-14T02:39:00-07:00","https://drive.google.com/file/d/1idyV8at_caQvWM-HD0ZcnyrCBYgMT3XD/view?usp=sharing"
"Result TE (Computer Engg. R-2016)_Sem-VI_CBCS_June-2021","2021-07-14T02:38:00.004000-07:00","https://drive.google.com/file/d/1Q1CoN9GkkGZJV_H0BSrHTWAyrJAp4AUj/view?usp=sharing"
"Result SE (Computer Engg. R-2019)_Sem-IV_C scheme_CBCS_June-2021","2021-07-14T02:38:00.003000-07:00","https://drive.google.com/file/d/1YE7xHBfg4otpzxbk4Fn_-02MUbf6dbdc/view?usp=sharing"
"Result TE (Mechanical Engg. R-2016)_Sem-VI_CBCS_June-2021","2021-07-12T03:55:00.002000-07:00","https://drive.google.com/file/d/1n5po89kSymexj94XuFrSwRwSlZl3Djoe/view?usp=sharing"
"Result SE (Mechanical Engg. R-2019)_Sem-IV_'C' Scheme_CBCS_June-2021","2021-07-12T03:53:00-07:00","https://drive.google.com/file/d/1UeJ_tOlw0_hHUs1LjPNFhzA4qnkDCpPw/view?usp=sharing"
"Updated Hall Ticket of  S.E  Sem VI (R 2016) Computer Engineering JUNE 2021 Examination","2021-05-31T07:52:00.007000-07:00","https://drive.google.com/file/d/1spmQQpVBbJPBm9tEmv-oRvJMy25kiRtZ/view?usp=sharing"
"Hall Ticket of  S.E  Sem VI (R 2016) Electrical Engineering JUNE 2021 Examination","2021-05-30T09:13:00.004000-07:00","https://drive.google.com/file/d/1HEClzFVbkVd4VLvZse_jBMflC3b_tTRg/view?usp=sharing"
"Hall Ticket of  S.E  Sem VI (R 2016) Mechanical Engineering JUNE 2021 Examination","2021-05-30T09:12:00-07:00","https://drive.google.com/file/d/1R2usMGrXHEuNcf9mGbUB_d2cqBEcl7dx/view?usp=sharing"
"Hall Ticket of  S.E  Sem VI (R 2016) ExTC Engineering JUNE 2021 Examination","2021-05-30T09:10:00-07:00","https://drive.google.com/file/d/1KKllClHEAXm5TY7odT6frod2uyoCXQLW/view?usp=sharing"
"Hall Ticket of  S.E  Sem VI (R 2016) Civil Engineering JUNE 2021 Examination","2021-05-30T09:08:00.004000-07:00","https://drive.google.com/file/d/1vNH3RZxFGsmjgvMTShh9DfgWWSHvnMrx/view?usp=sharing"
"Hall Ticket of  S.E  Sem IV R 2019(C SCHEME) Electrical Engineering JUNE 2021 Examination","2021-05-30T09:06:00.005000-07:00","https://drive.google.com/file/d/1pCgQJtm1F7GER0iTslKo0iECbPFVEk9c/view?usp=sharing"
"Hall Ticket of  S.E  Sem IV R 2019(C SCHEME) Mechanical Engineering   JUNE 2021 Examination","2021-05-30T09:05:00.003000-07:00","https://drive.google.com/file/d/1xbU1kTxaaHoW3JDXvLZD8Gfh_vxFgTgx/view?usp=sharing"
"Hall Ticket of  S.E  Sem IV R 2019(C SCHEME) Computer Engineering   JUNE 2021 Examination","2021-05-30T09:03:00.003000-07:00","https://drive.google.com/file/d/18maN6xVV_ilT9TyGkRLOnvrR69X6FVY6/view?usp=sharing"
"Hall Ticket of  S.E  Sem IV R 2019(C SCHEME) ExTC Engineering   JUNE 2021 Examination","2021-05-30T09:01:00.005000-07:00","https://drive.google.com/file/d/1FJjTVUccJBzbtCacdd1yiPr3IKXCm3Wc/view?usp=sharing"
"Hall Ticket of  S.E  Sem IV R 2019(C SCHEME) CIVIL Engineering   JUNE 2021 Examination","2021-05-30T08:59:00.002000-07:00","https://drive.google.com/file/d/1IDfLnNYRN438HkI-PhGliAfuj3d_p7O-/view?usp=sharing"
"TE SEM VI Rev 2016 Time Table for June 2021 Examination ","2021-05-22T03:19:00-07:00","https://drive.google.com/file/d/1s_KtqGchpxWyOtH4fSGdDr5xgSGTn1XO/view?usp=sharing"
"SE SEM IV Rev 2019 Time Table for June 2021 Examination ","2021-05-22T03:17:00.002000-07:00","https://drive.google.com/file/d/1UHg1zJMGQwaJFzQCHKFH3RrBBWCDgA7A/view?usp=sharing"
"SE SEM IV Rev 2016 Time Table for June 2021 Examination ","2021-05-22T03:15:00.003000-07:00","https://drive.google.com/file/d/1nmPcauzwp411suLosRyez5eicABbrlB5/view?usp=sharing"
"Circular for conversion of CGPI to PERCENTAGE","2021-05-22T02:55:00.003000-07:00","https://drive.google.com/file/d/1GTW8jrZdXjebAMoOrnsaCaKs0wxMWEi5/view?usp=sharing"
"SE & TE ATKT Examination Form filling Notice (MAY/JUNE 2021)","2021-05-22T02:50:00.003000-07:00","https://drive.google.com/file/d/1Xha_FbeoBk7rmLR694qnnHGLt8KSOTQY/view?usp=sharing"
"Improtant Notice for CBSGS Students (Equivalent Alternate Subjects of Rev-2012 to Rev-2016 Scheme Syllabus)","2021-05-22T02:46:00-07:00","https://drive.google.com/file/d/1mTuPeYXmnNnEGOpb1VulqdEf1ag2LX5d/view?usp=sharing"
"Result  DSE (EXTC Engg. R-2019)_Sem-III_""C"" Scheme_April-2021","2021-05-21T06:01:00.003000-07:00","https://drive.google.com/file/d/1eKUWutg6p4REonfVRollxFW2RXJfXOWA/view?usp=sharing"
"Result  DSE (Civil Engg. R-2019)_Sem-III_""C"" Scheme_April-2021","2021-05-21T05:59:00.004000-07:00","https://drive.google.com/file/d/1Twf8fiFOMcNOT5cfxqL6kBbkhJRpdyws/view?usp=sharing"
"Result  DSE (Computer Engg. R-2019)_Sem-III_""C"" Scheme_April-2021","2021-05-21T05:58:00-07:00","https://drive.google.com/file/d/1-eDqBXHz2EX0rJE4QM-fm6phBKx3J5l8/view?usp=sharing"
"Result  DSE (Mechanical Engg. R-2019)_Sem-III_""C"" Scheme_April-2021","2021-05-21T05:56:00.003000-07:00","https://drive.google.com/file/d/1KgLfFb4JH2LfexISSrzFCrKQlVlgZYM9/view?usp=sharing"
"Result  DSE (Electrical Engg. R-2019)_Sem-III_""C"" Scheme_April-2021","2021-05-21T05:54:00.005000-07:00","https://drive.google.com/file/d/1rrlo3JjDMVLO-iNDUlx9V7UAKJm_lSRs/view?usp=sharing"
"Result SE (ExTC Engg. R-2019)_Sem-III_'C' Scheme_CBCS_January-2021","2021-05-20T22:59:00.002000-07:00","https://drive.google.com/file/d/18_CAu7RZv7Fkiek4NlKtX0qp65xu1TVm/view?usp=sharing"
"Result SE (ExTC Engg. R-2012)_Sem-III_CBGS_January-2021","2021-05-20T22:57:00.005000-07:00","https://drive.google.com/file/d/1o2abEBBtiLcbkbXoHGZ6ayXa8PBvEDeP/view?usp=sharing"
"Result TE (ExTC Engg. R-2016)_Sem-V_CBCS_January-2021","2021-05-20T22:54:00.002000-07:00","https://drive.google.com/file/d/1HDkaFBa3f1Jc5W-kNuhuQBlCxrU3My49/view?usp=sharing"
"Result SE (Mechanical Engg. R-2019)_Sem-III_'C' Scheme_CBCS_January-2021","2021-05-20T06:12:00.006000-07:00","https://drive.google.com/file/d/1_MvaR3z71iTFhd-WoLFYalFguxeopKmo/view?usp=sharing"
"Result SE (Mechanical Engg. R-2016)_Sem-III_CBCS_January-2021","2021-05-20T06:10:00-07:00","https://drive.google.com/file/d/1G2RDVVQseREUiVM5pOGZMXNIcw2_IZGm/view?usp=sharing"
"Result SE (Mechanical Engg. R-2012)_Sem-III_CBGS_January-2021","2021-05-20T06:07:00.004000-07:00","https://drive.google.com/file/d/1ta67K0hWerG6v1afKeyLbUdTpsm9pK2p/view?usp=sharing"
"Result TE (Mechanical Engg. R-2012)_Sem-V_CBGS_January-2021","2021-05-20T06:06:00-07:00","https://drive.google.com/file/d/15BsEIZdi6Z00Qj52ztDQBopFbwB3sk7i/view?usp=sharing"
"Result TE (Mechanical Engg. R-2016)_Sem-V_CBCS_January-2021","2021-05-20T06:04:00-07:00","https://drive.google.com/file/d/10BCCQMHjYDElsLhTfYruPnYBIKVoWg7D/view?usp=sharing"
"QUESTION PAPER PATTERN FE SEM I 'C' Scheme Rev 2019","2021-04-20T04:09:00.004000-07:00","https://drive.google.com/file/d/1L7pjhRx8IKoHlWW_s7JKbWJH5Pkn0GAn/view?usp=sharing"
"General Instructions for FE SEM I 'C' Scheme Rev 2019 Students while Appearing for Online Examinations ","2021-04-20T04:04:00.007000-07:00","https://drive.google.com/file/d/1hDRf5QwS7K1OBsDMYZfffwYQ52TyVN_g/view?usp=sharing"
"Question Paper Pattern for DSE SEM III","2021-04-09T01:28:00.004000-07:00","https://drive.google.com/file/d/1M0WeTgdZqF2d97jDTlV266Ov5eeV0uXH/view?usp=sharing"
"General Instructions for DSE SEM III Students while Appearing for Online Examinations ","2021-04-09T01:18:00.007000-07:00","https://drive.google.com/file/d/1tCHoCmmWPYawOqTu3Ljsazswvu4zKjNQ/view?usp=sharing"
"Result TE (Electrical Engg. R-2016)_Sem-V_CBCS_January-2021","2021-04-05T21:43:00.008000-07:00","https://drive.google.com/file/d/1iERHNuchKE4Rm8cK9tIZdTs0J07SW67C/view?usp=sharing"
"Result SE (Electrical Engg. R-2016)_Sem-III_CBCS_January-2021","2021-04-05T21:42:00.006000-07:00","https://drive.google.com/file/d/1jIlvzEgTYqjY9HeJxwkLB6pVramlE-Hk/view?usp=sharing"
"Result SE (Electrical Engg. R-2019)_Sem-III_""C"" Scheme_January-2021","2021-04-05T21:41:00.005000-07:00","https://drive.google.com/file/d/1KXlrj7Nnj4UsCBcc9rGun9YEJVFGow1v/view?usp=sharing"
"Result TE (Computer Engg. R-2016)_Sem-V_Choice Base_January-2021","2021-03-22T21:56:00.008000-07:00","https://drive.google.com/file/d/1V4VTcLFKfR7nC2xPZsHKyWk4CJInt7CE/view?usp=sharing"
"Result SE (Computer Engg. R-2019)_Sem-III_""C"" Scheme_January-2021","2021-03-22T21:55:00.008000-07:00","https://drive.google.com/file/d/1_jorb1AYakS5QS9XgW6IzztHehmV2KPC/view?usp=sharing"
"Result SE (Civil Engg. R-2016)_Sem-IV_Choice Base_December-2020","2021-03-16T23:30:00.007000-07:00","https://drive.google.com/file/d/1ORqL4iOiooSpH3g-nwR_Ep_R-SD5dvjN/view?usp=sharing"
"Result SE (Civil Engg. R-2012)_Sem-IV_CBGS_December-2020","2021-03-16T23:29:00.006000-07:00","https://drive.google.com/file/d/1-4LDdcHUuyIe2K4RKctm4zXAwktl7rP8/view?usp=sharing"
"Result TE (Civil Engg. R-2016)_Sem-V_Choice Base_January-2021 (Reg & KT)","2021-03-16T23:22:00.008000-07:00","https://drive.google.com/file/d/1xCK7__YZsv_iO0Lbt_yEmjUKnb4smDpm/view?usp=sharing"
"Result TE (Civil Engg. R-2012)_Sem-V_CBGS_January-2021","2021-03-16T23:21:00.005000-07:00","https://drive.google.com/file/d/18rv9vaTjlGVHdCHhpzjOLbRty2SlDXZw/view?usp=sharing"
"Result SE (Civil Engg. R-2019)_Sem-III_""C"" Scheme_January-2021","2021-03-16T23:20:00.004000-07:00","https://drive.google.com/file/d/1hCmbUPY3nytQE7hQ6opUpj0KDpkCySC5/view?usp=sharing"
"Result SE (Civil Engg. R-2016)_Sem-III_Choice Base_January-2021(KT)","2021-03-16T23:19:00.002000-07:00","https://drive.google.com/file/d/1c-4XULszs2FJ4oK0d3880HdV8nkFdhtF/view?usp=sharing"
"Result TE (Mechanical Engg. R-2012)_Sem-VI_Choice Base_December-2020","2021-03-16T23:11:00-07:00","https://drive.google.com/file/d/1a0NdzsG2AR7IoQTzg_HndAbKD5T6obyZ/view?usp=sharing"
"Result TE (Mechanical Engg. R-2012)_Sem-VI_CBGS_December-2020","2021-03-16T23:08:00-07:00","https://drive.google.com/file/d/1OVLIdnF_Gn4-ZlaEusyBF7X7L-0u4kVo/view?usp=sharing"
"Result SE (Mechanical Engg. R-2016)_Sem-IV_Choice Base_December-2020","2021-03-16T23:06:00.006000-07:00","https://drive.google.com/file/d/1wXhWP2s66PUc3Xc1NsTjJwzWNfH5Fy0_/view?usp=sharing"
"Result SE (Mechanical Engg. R-2012)_Sem-IV_CBGS_December-2020","2021-03-16T23:05:00.002000-07:00","https://drive.google.com/file/d/1o1W90W7naIlSBkUQWOeoJObg8EEcVUpK/view?usp=sharing"
"Result BE (Mechanical Engg. R-2016)_Sem-VII_Choice Base_January-2021","2021-03-16T01:30:00.002000-07:00","https://drive.google.com/file/d/1p1IH9-ZswUtP2DdDfoGl9eI2e9WMHHo4/view?usp=sharing"
"Result BE (ExTC Engg. R-2016)_Sem-VII_Choice Base_January-2021","2021-03-16T01:28:00.002000-07:00","https://drive.google.com/file/d/1grTaDomW9XPJ_uPTPvBGEXoBESu2MCHy/view?usp=sharing"
"Revaluation Result FE (R-2016)_Sem-II_Choice Base_Dec-2019","2021-03-12T01:51:00-08:00","https://drive.google.com/file/d/19_oe_-2gmcSaYzFANhjLOaCvAD-L0Oaz/view?usp=sharing"
"Result BE (Electrical Engg. R-2016)_Sem-VII_Choice Base_January-2021","2021-03-08T20:10:00.001000-08:00","https://drive.google.com/file/d/19NSNYftr8_aNeUaLY4i4CSxPSOjMRaKL/view?usp=sharing"
"Result BE (Civil Engg. R-2016)_Sem-VII_Choice Base_January-2021","2021-03-05T00:37:00.005000-08:00","https://drive.google.com/file/d/1O7yy_HCnCqvwHI83zLnnDSWfU86DfXmi/view?usp=sharing"
"Result BE (Computer Engg. R-2016)_Sem-VII_Choice Base_January-2021","2021-03-03T02:26:00.009000-08:00","https://drive.google.com/file/d/1QPNy3O6dmtbyz4ZOn8G5ig3misjTu3vA/view?usp=sharing"
"Amendment Result TE (Mechanical Engg. R-2016)_Sem-VI_CBCS_May-2020","2021-02-21T20:46:00.007000-08:00","https://drive.google.com/file/d/1WX6oxvicFr9VOueQfl3buenKYAx011i_/view?usp=sharing"
"Amendment Result SE (Mechanical Engg. R-2016)_Sem-IV_CBCS_May-2020","2021-02-21T20:45:00.007000-08:00","https://drive.google.com/file/d/1mWPxV-CXYPfqIVl5Fh8TMFR8rQmeh0ck/view?usp=sharing"
"Amendment Result TE (ExTC Engg. R-2016)_Sem-VI_CBCS_May-2020","2021-02-21T20:44:00.006000-08:00","https://drive.google.com/file/d/1Gx5k-yau4f9TNRbZZWRWCfK7pb-f8wJp/view?usp=sharing"
"Amendment Result SE (ExTC Engg. R-2016)_Sem-IV_CBCS_May-2020","2021-02-21T20:43:00.005000-08:00","https://drive.google.com/file/d/1xr4UWFwpDfIcQZ2hpAgJ3svMSV2OjH2A/view?usp=sharing"
"Amendment Result TE (Electrical Engg. R-2016)_Sem-VI_CBCS_May-2020","2021-02-21T20:42:00.005000-08:00","https://drive.google.com/file/d/18BkCpZESMfQPIGlzfE-E5wDMyjxTOikJ/view?usp=sharing"
"Amendment Result SE (Electrical Engg. R-2016)_Sem-IV_CBCS_May-2020","2021-02-21T20:41:00.002000-08:00","https://drive.google.com/file/d/1f61vc7m7RR-Flws05c3dzCRo6uI5o3eA/view?usp=sharing"
"Amendment Result TE (Computer Engg. R-2016)_Sem-VI_CBCS_May-2020","2021-02-21T20:39:00.004000-08:00","https://drive.google.com/file/d/1zuLjH-GuRlr9nG8htypwYHLabuteeTO1/view?usp=sharing"
"Amendment Result SE (Computer Engg. R-2016)_Sem-IV_CBCS_May-2020","2021-02-21T20:38:00.002000-08:00","https://drive.google.com/file/d/1cT5Ped3TcMD-YfPhz4aNQSR0mlylehax/view?usp=sharing"
"Amendment Result TE (Civil Engg. R-2016)_Sem-VI_CBCS_May-2020","2021-02-21T20:36:00.006000-08:00","https://drive.google.com/file/d/1mvzqz93clkWpGlelA-sxDRPOroGdp_8l/view?usp=sharing"
"Amendment Result SE (Civil Engg. R-2016)_Sem-IV_CBCS_May-2020","2021-02-21T20:35:00.004000-08:00","https://drive.google.com/file/d/14vwmdMPc0jmR_95IN0nLb-fDXvmZkQ_g/view?usp=sharing"
"Result (F.E. R-2016) Sem-II_Choice Base_Dec-2020 LOT-2 ( Spl backlog)","2021-01-26T23:39:00.004000-08:00","https://drive.google.com/file/d/1RnZ59PucJSWWZKmzVikodFLyE1HSVWie/view?usp=sharing"
"Result (F.E. R-2016) Sem-II_Choice Base_Dec-2020 LOT-1 ( Spl backlog)","2021-01-21T21:23:00.006000-08:00","https://drive.google.com/file/d/1h2t4epA77zFIdcT2BK6baU9cIMXCA_xO/view?usp=sharing"
"Result (F.E. R-2016) Sem-I_Choice Base_Dec-2020 LOT-2 ( Spl backlog)","2021-01-21T21:22:00.006000-08:00","https://drive.google.com/file/d/1BPsCpswm2i7qjWBACuQg0f7vs90ykM5H/view?usp=sharing"
"Result (F.E. R-2016) Sem-I_Choice Base_Dec-2020 LOT-1 ( Spl backlog)","2021-01-21T21:21:00.004000-08:00","https://drive.google.com/file/d/10LHh1TjA_Bf1hQiXKFoO-rFMMoCVSw3I/view?usp=sharing"
"Result (F.E. R-2012)_Sem-II_CBGS_Dec-2020 ( Spl backlog)","2021-01-06T01:07:00.002000-08:00","https://drive.google.com/file/d/1ocZwEXz7jbU9ZwnkVmIVzPtu_d83-KFj/view?usp=sharing"
"Result (F.E. R-2012)_Sem-I_CBGS_Dec-2020 ( Spl backlog)","2021-01-04T23:04:00.004000-08:00","https://drive.google.com/file/d/1f66QtXFQE61dM9TIOQH0bTbavrruzTg_/view?usp=sharing"
